{
"lengthUnit": "mil",
"components": {
	"fields": ["COMPONENT_NO", "COMPONENT_NAME", "LAYER", "X_COORDINATE", "Y_COORDINATE", "ANGLE"],
	"rows": [
		[1, "D1", "T", 645, -795, 90],
		[2, "D2", "T", 1385, -795, 90],
		[3, "D3", "T", 695, -1065, 270],
		[4, "D4", "T", 1465, -1175, 270],
		[5, "D7", "T", 2395, -1065, 90],
		[6, "KEY1", "T", 374.55, -549.94, 0],
		[7, "KEY2", "T", 1121.47, -549.94, 0],
		[8, "KEY3", "T", 374.55, -1302.26, 0],
		[9, "KEY4", "T", 1121.47, -1302.26, 0],
		[10, "SW1", "B", 2617.79, -754.24, 270],
		[11, "U1", "T", 1615, -685, 270],
		[12, "U2", "T", 2210, -685, 270],
		[13, "PAD1", "T", 125, -125, 0],
		[14, "PAD1", "B", 125, -125, 0],
		[15, "PAD2", "T", 1925, -125, 0],
		[16, "PAD2", "B", 1925, -125, 0],
		[17, "PAD3", "T", 3240, -125, 0],
		[18, "PAD3", "B", 3240, -125, 0],
		[19, "PAD4", "T", 1925, -1435, 0],
		[20, "PAD4", "B", 1925, -1435, 0],
		[21, "PAD5", "T", 3240, -1435, 0],
		[22, "PAD5", "B", 3240, -1435, 0]
	]
},
"pins": {
	"fields": ["PIN_NO", "PIN_NAME", "PIN_X", "PIN_Y", "LAYER", "PIN_TYPE", "NET_NAME", "NET_TYPE", "PAD_SHAPE", "PAD_SIZEX", "PAD_SIZEY", "HOLE_SIZE", "PAD_ANGLE"],
	"rows": [
		[1, "D1_1", 645, -863.31, "T", "SMD", "8/B4", "", "R", 43.31, 39.37, 0, 90],
		[2, "D1_2", 645, -726.69, "T", "SMD", "$1N1086", "", "R", 43.31, 39.37, 0, 90],
		[3, "D2_1", 1385, -863.31, "T", "SMD", "8/B4", "", "R", 43.31, 39.37, 0, 90],
		[4, "D2_2", 1385, -726.69, "T", "SMD", "$1N1126", "", "R", 43.31, 39.37, 0, 90],
		[5, "D3_1", 695, -996.69, "T", "SMD", "9/B5", "", "R", 43.31, 39.37, 0, 270],
		[6, "D3_2", 695, -1133.31, "T", "SMD", "$1N1166", "", "R", 43.31, 39.37, 0, 270],
		[7, "D4_1", 1465, -1106.69, "T", "SMD", "9/B5", "", "R", 43.31, 39.37, 0, 270],
		[8, "D4_2", 1465, -1243.31, "T", "SMD", "$1N1206", "", "R", 43.31, 39.37, 0, 270],
		[9, "D7_1", 2395, -1133.31, "T", "SMD", "8/B4", "", "R", 43.31, 39.37, 0, 90],
		[10, "D7_2", 2395, -996.69, "T", "SMD", "$1N4196", "", "R", 43.31, 39.37, 0, 90],
		[11, "KEY1_1", 109.79, -499.94, "T", "SMD", "6/D7", "", "R", 114.17, 98.42, 0, 0],
		[12, "KEY1_2", 639.31, -599.94, "T", "SMD", "$1N1086", "", "R", 114.17, 98.42, 0, 0],
		[13, "KEY2_1", 856.71, -499.94, "T", "SMD", "7/E6", "", "R", 114.17, 98.42, 0, 0],
		[14, "KEY2_2", 1386.23, -599.94, "T", "SMD", "$1N1126", "", "R", 114.17, 98.42, 0, 0],
		[15, "KEY3_1", 109.79, -1252.26, "T", "SMD", "6/D7", "", "R", 114.17, 98.42, 0, 0],
		[16, "KEY3_2", 639.31, -1352.26, "T", "SMD", "$1N1166", "", "R", 114.17, 98.42, 0, 0],
		[17, "KEY4_1", 856.71, -1252.26, "T", "SMD", "7/E6", "", "R", 114.17, 98.42, 0, 0],
		[18, "KEY4_2", 1386.23, -1352.26, "T", "SMD", "$1N1206", "", "R", 114.17, 98.42, 0, 0],
		[19, "SW1_6", 2607.94, -537.71, "T", "DIP", "GND", "GND", "O", 94.49, 137.79, 106.3, 90],
		[20, "SW1_6", 2607.94, -537.71, "B", "DIP", "GND", "GND", "O", 94.49, 137.79, 106.3, 90],
		[21, "SW1_7", 2607.94, -970.78, "T", "DIP", "GND", "GND", "O", 94.49, 137.79, 106.3, 270],
		[22, "SW1_7", 2607.94, -970.78, "B", "DIP", "GND", "GND", "O", 94.49, 137.79, 106.3, 270],
		[23, "SW1_A", 2903.22, -655.82, "T", "DIP", "14/B3", "", "C", 62.99, 62.99, 43.31, 270],
		[24, "SW1_A", 2903.22, -655.82, "B", "DIP", "14/B3", "", "C", 62.99, 62.99, 43.31, 270],
		[25, "SW1_B", 2903.22, -852.67, "T", "DIP", "16/B2", "", "C", 62.99, 62.99, 43.31, 270],
		[26, "SW1_B", 2903.22, -852.67, "B", "DIP", "16/B2", "", "C", 62.99, 62.99, 43.31, 270],
		[27, "SW1_C", 2903.22, -754.24, "T", "DIP", "GND", "GND", "C", 62.99, 62.99, 43.31, 270],
		[28, "SW1_C", 2903.22, -754.24, "B", "DIP", "GND", "GND", "C", 62.99, 62.99, 43.31, 270],
		[29, "SW1_D", 2332.35, -655.82, "T", "DIP", "$1N4196", "", "C", 62.99, 62.99, 43.31, 270],
		[30, "SW1_D", 2332.35, -655.82, "B", "DIP", "$1N4196", "", "C", 62.99, 62.99, 43.31, 270],
		[31, "SW1_E", 2332.35, -852.67, "T", "DIP", "15/B1", "", "C", 62.99, 62.99, 43.31, 270],
		[32, "SW1_E", 2332.35, -852.67, "B", "DIP", "15/B1", "", "C", 62.99, 62.99, 43.31, 270],
		[33, "U1_1", 1615, -135, "T", "DIP", "TXO", "", "R", 60, 60, 41.34, 270],
		[34, "U1_1", 1615, -135, "B", "DIP", "TXO", "", "R", 60, 60, 41.34, 270],
		[35, "U1_2", 1615, -235, "T", "DIP", "RXI", "", "C", 60, 60, 41.34, 270],
		[36, "U1_2", 1615, -235, "B", "DIP", "RXI", "", "C", 60, 60, 41.34, 270],
		[37, "U1_3", 1615, -335, "T", "DIP", "GND", "GND", "C", 60, 60, 41.34, 270],
		[38, "U1_3", 1615, -335, "B", "DIP", "GND", "GND", "C", 60, 60, 41.34, 270],
		[39, "U1_4", 1615, -435, "T", "DIP", "GND", "GND", "C", 60, 60, 41.34, 270],
		[40, "U1_4", 1615, -435, "B", "DIP", "GND", "GND", "C", 60, 60, 41.34, 270],
		[41, "U1_5", 1615, -535, "T", "DIP", "2/D1", "", "C", 60, 60, 41.34, 270],
		[42, "U1_5", 1615, -535, "B", "DIP", "2/D1", "", "C", 60, 60, 41.34, 270],
		[43, "U1_6", 1615, -635, "T", "DIP", "3/D0", "", "C", 60, 60, 41.34, 270],
		[44, "U1_6", 1615, -635, "B", "DIP", "3/D0", "", "C", 60, 60, 41.34, 270],
		[45, "U1_7", 1615, -735, "T", "DIP", "4/D4", "", "C", 60, 60, 41.34, 270],
		[46, "U1_7", 1615, -735, "B", "DIP", "4/D4", "", "C", 60, 60, 41.34, 270],
		[47, "U1_8", 1615, -835, "T", "DIP", "5/C6", "", "C", 60, 60, 41.34, 270],
		[48, "U1_8", 1615, -835, "B", "DIP", "5/C6", "", "C", 60, 60, 41.34, 270],
		[49, "U1_9", 1615, -935, "T", "DIP", "6/D7", "", "C", 60, 60, 41.34, 270],
		[50, "U1_9", 1615, -935, "B", "DIP", "6/D7", "", "C", 60, 60, 41.34, 270],
		[51, "U1_10", 1615, -1035, "T", "DIP", "7/E6", "", "C", 60, 60, 41.34, 270],
		[52, "U1_10", 1615, -1035, "B", "DIP", "7/E6", "", "C", 60, 60, 41.34, 270],
		[53, "U1_11", 1615, -1135, "T", "DIP", "8/B4", "", "C", 60, 60, 41.34, 270],
		[54, "U1_11", 1615, -1135, "B", "DIP", "8/B4", "", "C", 60, 60, 41.34, 270],
		[55, "U1_12", 1615, -1235, "T", "DIP", "9/B5", "", "C", 60, 60, 41.34, 270],
		[56, "U1_12", 1615, -1235, "B", "DIP", "9/B5", "", "C", 60, 60, 41.34, 270],
		[57, "U2_1", 2210, -135, "T", "DIP", "RAW", "", "R", 60, 60, 41.34, 270],
		[58, "U2_1", 2210, -135, "B", "DIP", "RAW", "", "R", 60, 60, 41.34, 270],
		[59, "U2_2", 2210, -235, "T", "DIP", "GND", "GND", "C", 60, 60, 41.34, 270],
		[60, "U2_2", 2210, -235, "B", "DIP", "GND", "GND", "C", 60, 60, 41.34, 270],
		[61, "U2_3", 2210, -335, "T", "DIP", "RST", "", "C", 60, 60, 41.34, 270],
		[62, "U2_3", 2210, -335, "B", "DIP", "RST", "", "C", 60, 60, 41.34, 270],
		[63, "U2_4", 2210, -435, "T", "DIP", "VCC", "", "C", 60, 60, 41.34, 270],
		[64, "U2_4", 2210, -435, "B", "DIP", "VCC", "", "C", 60, 60, 41.34, 270],
		[65, "U2_5", 2210, -535, "T", "DIP", "A3/F4", "", "C", 60, 60, 41.34, 270],
		[66, "U2_5", 2210, -535, "B", "DIP", "A3/F4", "", "C", 60, 60, 41.34, 270],
		[67, "U2_6", 2210, -635, "T", "DIP", "A2/F5", "", "C", 60, 60, 41.34, 270],
		[68, "U2_6", 2210, -635, "B", "DIP", "A2/F5", "", "C", 60, 60, 41.34, 270],
		[69, "U2_7", 2210, -735, "T", "DIP", "A1/F6", "", "C", 60, 60, 41.34, 270],
		[70, "U2_7", 2210, -735, "B", "DIP", "A1/F6", "", "C", 60, 60, 41.34, 270],
		[71, "U2_8", 2210, -835, "T", "DIP", "A0/F7", "", "C", 60, 60, 41.34, 270],
		[72, "U2_8", 2210, -835, "B", "DIP", "A0/F7", "", "C", 60, 60, 41.34, 270],
		[73, "U2_9", 2210, -935, "T", "DIP", "15/B1", "", "C", 60, 60, 41.34, 270],
		[74, "U2_9", 2210, -935, "B", "DIP", "15/B1", "", "C", 60, 60, 41.34, 270],
		[75, "U2_10", 2210, -1035, "T", "DIP", "14/B3", "", "C", 60, 60, 41.34, 270],
		[76, "U2_10", 2210, -1035, "B", "DIP", "14/B3", "", "C", 60, 60, 41.34, 270],
		[77, "U2_11", 2210, -1135, "T", "DIP", "16/B2", "", "C", 60, 60, 41.34, 270],
		[78, "U2_11", 2210, -1135, "B", "DIP", "16/B2", "", "C", 60, 60, 41.34, 270],
		[79, "U2_12", 2210, -1235, "T", "DIP", "10/B6", "", "C", 60, 60, 41.34, 270],
		[80, "U2_12", 2210, -1235, "B", "DIP", "10/B6", "", "C", 60, 60, 41.34, 270],
		[81, "PAD1_1", 125, -125, "T", "DIP", "GND", "GND", "C", 137.8, 137.8, 118.11, 0],
		[82, "PAD1_1", 125, -125, "B", "DIP", "GND", "GND", "C", 137.8, 137.8, 118.11, 0],
		[83, "PAD2_1", 1925, -125, "T", "DIP", "GND", "GND", "C", 137.8, 137.8, 118.11, 0],
		[84, "PAD2_1", 1925, -125, "B", "DIP", "GND", "GND", "C", 137.8, 137.8, 118.11, 0],
		[85, "PAD3_1", 3240, -125, "T", "DIP", "GND", "GND", "C", 137.8, 137.8, 118.11, 0],
		[86, "PAD3_1", 3240, -125, "B", "DIP", "GND", "GND", "C", 137.8, 137.8, 118.11, 0],
		[87, "PAD4_1", 1925, -1435, "T", "DIP", "GND", "GND", "C", 137.8, 137.8, 118.11, 0],
		[88, "PAD4_1", 1925, -1435, "B", "DIP", "GND", "GND", "C", 137.8, 137.8, 118.11, 0],
		[89, "PAD5_1", 3240, -1435, "T", "DIP", "GND", "GND", "C", 137.8, 137.8, 118.11, 0],
		[90, "PAD5_1", 3240, -1435, "B", "DIP", "GND", "GND", "C", 137.8, 137.8, 118.11, 0]
	]
}
}